test.png,This is the game I play
minecraft1.jpeg,
minecraft2.jpeg,
minecraft3.jpeg,
minecraft4.jpeg,
minecraft5.jpeg,
minecraft6.jpeg,
minecraft7.jpeg,
minecraft8.jpeg,
minecraft9.jpeg,
minecraft10.jpeg,
minecraft11.jpeg,
minecraft12.jpeg,
minecraft13.jpeg,
minecraft14.jpeg,
minecraft15.jpeg,
minecraft16.jpeg,
minecraft17.jpeg,
minecraft18.jpeg,
minecraft19.jpeg,
minecraft20.jpeg,
minecraft21.jpeg,
minecraft22.jpeg,
minecraft23.jpeg,
minecraft24.jpeg,
minecraft25.jpeg,
minecraft26.jpeg,
minecraft28.jpeg,
minecraft29.jpeg,
minecraft30.jpeg,
minecraft31.jpeg,
minecraft32.jpeg,